tag,meaning,category,count,usage_rate
masterpiece,倪作 (基本クオリティタグ),Quality,3241,124.22%
very aesthetic,非常に美しい (美的タグ),Quality,3029,116.10%
1girl,一人の女の子,Character,1364,52.28%
best quality,,Quality,1363,52.24%
,,Others,1213,46.49%
no text,,Others,1157,44.35%
solo,一人の女の子,Character,880,33.73%
nsfw,,Others,797,30.55%
highres,高画質,Quality,717,27.48%
standing,立っている,Pose,635,24.34%
amazing quality,,Quality,620,23.76%
large breasts,巨乳,Character,619,23.73%
wrinkled skin,しわが寄った肌,Character,586,22.46%
depth of field,被写界深度 (背景のぼけ),Others,567,21.73%
high contrast lighting,,Background,560,21.46%
upper body,上半身,Others,554,21.23%
volumetric lighting,空気感のある光 (光の筋),Background,548,21.00%
anime coloring,アニメの着色,Style,533,20.43%
absurdres,不条理,Quality,531,20.35%
official style,公式スタイル,Style,494,18.93%
in_idolmaster_style,アイドルマスター風の絵柄,Style,489,18.74%
artist:cyclonereizei,絵師: cyclonereizei風,Style,489,18.74%
artist:ishigaki_takashi,絵師: ishigaki_takashi風,Style,489,18.74%
sharp focus,,Others,487,18.67%
beach,层,Others,465,17.82%
anime screenshot,,Others,464,17.78%
shiny skin,光ってる肌,Character,448,17.17%
official art,公式イラスト・公式画像,Others,431,16.52%
huge breasts,爆乳,Character,426,16.33%
no text girl,,Character,417,15.98%
vivid colors,,Others,412,15.79%
8k,8K解像度 (クオリティタグ),Others,405,15.52%
great quality,,Quality,378,14.49%
detailed eyes,,Character,370,14.18%
wrinkled fabric,しわのある生地,Others,365,13.99%
close-up,接写 (クローズアップ),Others,365,13.99%
perfect anatomy,,Others,363,13.91%
hyper detailed,,Others,360,13.80%
hard shadows,,Background,358,13.72%
clean lineart,,Others,356,13.65%
specular highlights,,Background,355,13.61%
ray tracing,,Others,352,13.49%
cinematic lighting,映画風のドラマチックな照明,Background,352,13.49%
skin gloss,,Character,349,13.38%
dramatic lighting,,Background,348,13.34%
year 2025,2025年 (投稿・制作年指定),Others,340,13.03%
glossy skin,,Character,336,12.88%
soft shadows,,Background,334,12.80%
extremely detailed,,Others,333,12.76%
shiny shading,,Others,331,12.69%
chiaroscuro,Chiaroscuro,Others,331,12.69%
voluptuous,,Others,330,12.65%
magazine cover,雑誌の表紙,Others,330,12.65%
detailed environment,,Others,330,12.65%
painterly,画家,Others,329,12.61%
solid eyes,しっかりした目,Character,328,12.57%
ultra detail,,Others,328,12.57%
unity 8k wallpaper,,Background,328,12.57%
ultra quality,,Quality,328,12.57%
ultra-high resolution,,Others,328,12.57%
high brightness,,Others,328,12.57%
gravure photo,,Others,328,12.57%
professional photoshoot,,Others,328,12.57%
sharp lineart,,Others,328,12.57%
high contrast shading,,Others,328,12.57%
super detailed skin,,Character,328,12.57%
glossy hair highlights,,Background,328,12.57%
deep skin,深い肌,Character,328,12.57%
polished skin,,Character,328,12.57%
highly reflective,,Others,328,12.57%
mirror shine,,Others,328,12.57%
reflective surface,,Character,328,12.57%
polished surface,,Character,328,12.57%
key lighting,,Background,328,12.57%
high exposure,,Others,328,12.57%
blush,赤面,Character,327,12.53%
saturated colors,,Others,326,12.50%
ultra detailed,極めて詳細な描き込み,Others,325,12.46%
glossy latex,,Others,321,12.30%
high contrast image,,Others,321,12.30%
hyper shiny skin,,Character,321,12.30%
lycoris recoil,lycoris反動,Others,317,12.15%
stable diffusion,,Others,316,12.11%
pix ai,,Others,316,12.11%
wuthering waves,,Others,316,12.11%
cell-shading,,Others,316,12.11%
bold outlines,,Others,316,12.11%
detailed cel shading,,Others,316,12.11%
colorful and shiny,,Others,316,12.11%
stroke shading,,Others,316,12.11%
kyoto animation,京都アニメーション,Others,315,12.07%
lvibrant colors,,Clothing,315,12.07%
latex,ラテックス,Others,315,12.07%
photorealistic glowing atmosphere,,Others,315,12.07%
no text sharpnesses,,Others,315,12.07%
ufotable,ufotable,Others,315,12.07%
iseki Shuichi,,Others,314,12.04%
Nishikori atsushi,,Others,314,12.04%
arai hiroki,アライ・ヒロキ,Others,314,12.04%
tanaka masayoshi,田中大山,Others,314,12.04%
photorealistic global illumination,,Others,313,12.00%
photorealistic lighting,,Background,311,11.92%
rim lighting,輪郭を際立せる光 (リムライト),Background,305,11.69%
gundam build fighters try,ガンダムビルドファイターは試してみてください,Others,296,11.35%
luminous lighting,,Background,284,10.89%
hard light,,Background,277,10.62%
looking at viewer,カメラ目線 (こちらを見つめる),Pose,275,10.54%
bright tones,,Others,272,10.43%
ultra bright background,,Background,270,10.35%
supreme lighting,,Background,270,10.35%
ultra-detailed,極めて詳細な描き込み,Others,266,10.20%
strong sunlight flooding scene,,Background,257,9.85%
light rays,光線,Background,257,9.85%
girl,女の子,Character,253,9.70%
photo realistic character,,Others,245,9.39%
sweat,汗 (肌の描写),Others,242,9.28%
breasts,胸,Character,239,9.16%
white background,白背景,Background,237,9.08%
detailed skin,,Character,234,8.97%
ai-assisted,AI支援画像,Others,233,8.93%
smile,笑顔,Character,229,8.78%
medium breasts,中乳 (普通の耼),Character,224,8.59%
mutimuti sound onomatopoeia,,Others,222,8.51%
fate/grand order,運命/大秩序,Others,211,8.09%
high resolution,高解像度,Others,208,7.97%
game cg,ゲームCG,Style,208,7.97%
wet,濡れ,Others,202,7.74%
glistening skin,,Character,193,7.40%
bikini,ビキニ,Clothing,188,7.21%
cleavage,耼の谷間,Character,188,7.21%
illustration,,Others,188,7.21%
extremely detailed CG,,Others,188,7.21%
from below,下から,Others,182,6.98%
hyperrealistic,,Others,170,6.52%
anime colored,,Others,170,6.52%
an extremely delicate and beautiful,,Others,170,6.52%
production art,プロダクションアート,Others,170,6.52%
textile shading,,Others,170,6.52%
vivid,,Others,170,6.52%
cowboy shot,腿から上のアングル,Character,162,6.21%
from above,上から,Others,161,6.17%
from side,横から,Others,158,6.06%
ass,お尻,Others,156,5.98%
year 2024,2024年 (投稿・制作年指定),Others,152,5.83%
skin-tight clothes,,Clothing,152,5.83%
go-toubun no hanayome,go-touun no hanayome,Others,149,5.71%
simple background,ジンプルな背景,Background,146,5.60%
japanese sound effect,,Others,143,5.48%
mutimuti onomatopoeia,,Others,142,5.44%
thighs,太もの,Character,136,5.21%
hip,,Others,136,5.21%
smooth lines,,Others,136,5.21%
minimal noise,,Others,136,5.21%
moody cinematic atmosphere,,Others,136,5.21%
2d anime cel,,Others,136,5.21%
-1::simple illustration,,Others,136,5.21%
natural light,,Background,136,5.21%
queen's blade,クイーンズブレード,Others,136,5.21%
strike the blood,血を打つ,Others,136,5.21%
rurouni kenshin,Rurouni Kenshin,Others,136,5.21%
dragon quest v,ドラゴンクエストv,Others,136,5.21%
tennis no ouji-sama,テニスはouji-samaをしません,Others,136,5.21%
tenjou tenge,Tenjou Tenge,Others,136,5.21%
tensei oujo to tensai reijou no mahou kakumi,,Others,136,5.21%
ide naomi,IDE NAOMI,Others,136,5.21%
rin shin,,Others,136,5.21%
street fighter,ストリートファイター,Background,136,5.21%
black hair,黒髪,Character,135,5.17%
light particles,光粒子,Background,135,5.17%
novel illustration,斬新なイラスト,Others,134,5.14%
realistic skin texture,,Character,132,5.06%
8k resolution,,Others,131,5.02%
groin,股間,Others,130,4.98%
long_hair,ロングヘア,Character,130,4.98%
ai-generated,AI生成画像,Others,129,4.94%
outdoors,屋外,Background,128,4.91%
athletic,,Others,128,4.91%
boy,,Character,126,4.83%
highly detailed face,,Character,125,4.79%
navel,おへそ,Character,125,4.79%
full body,全身の描写,Others,123,4.71%
from behind,後ろ姿,Others,120,4.60%
night,夜,Background,112,4.29%
looking_at_viewer,主観視点,Others,111,4.25%
pov,主観,Others,110,4.22%
blue bikini,ブルービキニ,Clothing,110,4.22%
artist:kafun,絵師: kafun風,Style,109,4.18%
d-art,d-art,Others,109,4.18%
blackwhiplash,,Others,109,4.18%
spacezin,Spacezin,Others,109,4.18%
soft shading,,Others,109,4.18%
indoors,室内,Background,107,4.10%
half-closed eyes,半分閉じた目,Character,106,4.06%
nude,裸 (ヌード),Others,106,4.06%
school uniform,制服,Clothing,106,4.06%
commentary,解説,Others,104,3.99%
dutch angle,ダッチアングル,Others,103,3.95%
-2::multi view,,Others,103,3.95%
uncensored,無修正,Others,102,3.91%
competition swimsuit,競争水着,Clothing,102,3.91%
covered nipples,透け乳首,Others,101,3.87%
beach umbrella,ビーチパラソル,Others,100,3.83%
black bikini,ブラックビキニ,Clothing,99,3.79%
mature female,成熟した女性,Others,99,3.79%
elegant composition,,Others,99,3.79%
in the sea,,Others,99,3.79%
partially underwater shot,部分的に水中ショット,Others,99,3.79%
top quality,,Quality,96,3.68%
seductive smile,魅惑的な笑顔,Character,95,3.64%
1boy,一人の男の子,Character,94,3.60%
nipples,乳首,Others,94,3.60%
2girls,二人の女の子,Character,93,3.56%
armor,鎧,Others,91,3.49%
steam,蒸気,Others,90,3.45%
sitting,座っている,Pose,89,3.41%
dynamic angle,,Others,89,3.41%
skirt,スカート,Clothing,89,3.41%
large_breasts,巨乳,Character,89,3.41%
open mouth,開いた口,Character,88,3.37%
thick thighs,太ももの太もも,Character,88,3.37%
long hair,ロングヘア,Character,88,3.37%
embarrassed,照れ顔,Others,87,3.33%
hoshino fumina,Hoshino Fumina,Others,87,3.33%
skindentation,スキンテーション,Character,87,3.33%
artist collaboration,,Others,87,3.33%
red eyes,赤の目,Character,87,3.33%
saliva,唾液,Others,83,3.18%
wide hips,ワイドヒップ,Others,82,3.14%
leaning forward,前方に傾いています,Pose,81,3.10%
intricate,,Others,81,3.10%
green bikini,緑のビキニ,Clothing,81,3.10%
ahoge,アホ毛,Others,80,3.07%
bathing,入浴,Others,78,2.99%
pussy,割れ目・秘部,Others,77,2.95%
belt,ベルト,Others,76,2.91%
no lineart,リネートはありません,Others,76,2.91%
loli,ロリ,Others,75,2.87%
lying,横たわっている,Pose,75,2.87%
beautiful eyes,,Character,74,2.84%
dynamic pose,動的なポーズ,Pose,74,2.84%
photorealistic,フォトリアリック,Others,74,2.84%
Artist:cle_masahiro,絵師: cle_masahiro風,Style,74,2.84%
Artist:Tomose Shunsaku,絵師: Tomose Shunsaku風,Style,74,2.84%
fujisaki_hikari,藤井hikari,Others,74,2.84%
rubi-sama,ルビ様,Others,74,2.84%
upskirt,アップスカート,Clothing,74,2.84%
outdoor,,Others,73,2.80%
sex,セックス,Others,72,2.76%
beautiful,,Others,72,2.76%
huge ass,巨大なお尻,Others,71,2.72%
high contrast,ハイコントラスト,Others,71,2.72%
indoors 3::palace,,Background,71,2.72%
ahegao,アヘ顔,Others,70,2.68%
larcei fire emblem,,Others,70,2.68%
short dress,短いドレス,Clothing,70,2.68%
purple dress,紫色のドレス,Clothing,70,2.68%
breastplate,胸当て,Character,70,2.68%
-2::ahoge,,Others,70,2.68%
panty shot,,Others,69,2.64%
small floating hearts,,Others,69,2.64%
closed eyes,瞑目,Character,68,2.61%
tongue out,舌出し,Others,67,2.57%
detailed background,,Background,67,2.57%
penis,ちんちん,Others,67,2.57%
cinematic composition,,Others,67,2.57%
window,窓,Background,66,2.53%
hetero,異性愛,Others,66,2.53%
nyx queen's blade,,Others,66,2.53%
clothed female,,Others,66,2.53%
red dress,赤いドレス,Clothing,66,2.53%
purple elbow gloves,,Others,66,2.53%
garter straps,ガーターストラップ,Others,66,2.53%
-2::midriff,,Others,66,2.53%
clean lines,,Others,66,2.53%
ocean,海,Others,66,2.53%
profile,プロフィール,Others,65,2.49%
cinematic atmosphere,,Others,65,2.49%
starry sky,星空,Background,65,2.49%
heavy breathing,荒い息遣い,Others,64,2.45%
swimsuit,氰着,Clothing,64,2.45%
murata_yuusuke,村田uusuke,Others,64,2.45%
zunta,ズンタ,Others,64,2.45%
highly detailed anime style,,Style,64,2.45%
proper ratio body,,Others,64,2.45%
realistic shading,,Others,64,2.45%
beautiful lighting,,Background,64,2.45%
color balance,,Others,64,2.45%
smooth rendering,,Others,64,2.45%
shallow depth of field,,Others,64,2.45%
extreme shadows,,Background,64,2.45%
balanced composition,,Others,64,2.45%
depth and volume,,Others,64,2.45%
standing still,,Pose,64,2.45%
pool,プール,Others,63,2.41%
echo saber,エコーセイバー,Others,62,2.38%
idolmaster cinderella girls,アイドルマスターシンデレラガールズ,Character,62,2.38%
closed mouth,閉まった口,Character,62,2.38%
-3::simple illustration,,Others,62,2.38%
nami one piece,,Others,61,2.34%
all fours,すべての四,Others,61,2.34%
boku no hero academia,Bokuノーヒーローアカデミア,Others,61,2.34%
happy,ハッピー,Others,60,2.30%
kamiki mirai,カミキライライ,Others,60,2.30%
curvy,曲線,Others,60,2.30%
lying on wood beach chair,,Pose,60,2.30%
lineart,線画,Others,60,2.30%
artist:meion,絵師: meion風,Style,60,2.30%
sunset,夕日,Others,60,2.30%
string bikini,ストリングビキニ,Clothing,60,2.30%
commentary_request,解説リクエスト,Others,60,2.30%
day,昼,Background,59,2.26%
contrapposto,コントラポスト,Others,59,2.26%
arms up,腕を上げる,Pose,59,2.26%
on ship,,Others,59,2.26%
yagate kimi ni naru,yagate kimi ni naru,Others,59,2.26%
shaded room,,Background,58,2.22%
morning dark bed room,,Background,58,2.22%
keroro gunsou,ケロロガンソウ,Others,58,2.22%
hinata Aki keroro gunsou,,Others,58,2.22%
criss-cross halter bikini,,Clothing,58,2.22%
1o-ring,,Others,58,2.22%
breasts out,裸耼 (耼を外に出す),Character,58,2.22%
worm's eye view,,Others,58,2.22%
flushed cheeks,,Others,58,2.22%
detailed face,,Character,58,2.22%
blurry,ぼかし,Others,57,2.18%
rolling eyes,なめらかな目,Character,57,2.18%
blue sky,青空,Background,57,2.18%
1 girl,,Character,57,2.18%
blunt bangs,ぱっつん,Others,57,2.18%
high waist,,Others,57,2.18%
on stomach,胃の上,Others,56,2.15%
1girl posing in the middle of the view,,Character,56,2.15%
legs cropped,,Pose,56,2.15%
hibike! euphonium,ヒビケ！ユーフォニウム,Others,56,2.15%
beautiful fingers,,Others,55,2.11%
lower body,下半身,Others,54,2.07%
cameltoe,カメルツー,Others,54,2.07%
building,建物,Others,54,2.07%
kininatteru hito ga otoko ja nakatta,,Others,54,2.07%
schoolgirl uniform,,Clothing,54,2.07%
completely nude,全裸,Others,53,2.03%
-2::upscaled,,Others,53,2.03%
hard shadow,,Background,53,2.03%
highly detailed,,Others,53,2.03%
high quality,,Quality,53,2.03%
wet pussy,,Others,53,2.03%
underneath,,Others,53,2.03%
animal_ears,獣耳,Others,53,2.03%
looking ahead,今後,Others,52,1.99%
straight-on,まっすぐに,Others,52,1.99%
from back,,Others,52,1.99%
intricate details,,Others,52,1.99%
no jacket,ジャケットはありません,Others,52,1.99%
@-@,,Others,52,1.99%
love live! sunshine!!,ライブが大好き！日光！！,Others,52,1.99%
Watanabe you,ワタナベあなた,Others,52,1.99%
honjou_raita,Honjou Raita,Others,52,1.99%
channelcaststation,,Others,52,1.99%
cartoon style,,Style,52,1.99%
eeeeee,eeeeee,Others,52,1.99%
ratatat74,,Others,52,1.99%
dramatic view of girl's full body,,Character,52,1.99%
sexy body,,Others,52,1.99%
short straight blonde hair,,Character,52,1.99%
glossy hair shine,,Character,52,1.99%
white skin,白い肌,Character,52,1.99%
punk casual cloth,,Others,52,1.99%
english_commentary,英語の解説,Others,52,1.99%
spread legs,開脚ポーズ,Pose,51,1.95%
side ponytail,サイドテール,Others,51,1.95%
arched back,背中にアーチ型,Others,51,1.95%
thighs focus,,Character,51,1.95%
white shirt,白シャツ,Clothing,51,1.95%
eyes glaring,,Character,51,1.95%
beautiful skin,,Character,51,1.95%
beautiful face,,Character,51,1.95%
detailed hair,,Character,51,1.95%
open_mouth,開いた口,Character,51,1.95%
panties,パンティ (下着),Clothing,50,1.92%
white bikini,白いビキニ,Clothing,50,1.92%
detailed beautiful eyes,,Character,50,1.92%
short hair,ショートヘア,Character,50,1.92%
facing away,向きを変える,Others,50,1.92%
on side,側,Others,50,1.92%
kantai collection,艦隊これくしょん,Others,49,1.88%
urakaze kancolle,,Others,49,1.88%
white bed,,Background,49,1.88%
white short sleeve shirt,,Clothing,49,1.88%
jitome,jitome,Others,48,1.84%
gleaming skin,,Character,48,1.84%
flushed face,,Character,48,1.84%
arms slightly raised,,Pose,48,1.84%
evelyn chevalier zenless zone zero,,Others,47,1.80%
huge penis,巨大なペニス,Others,47,1.80%
white hair,白髪,Character,47,1.80%
looking away,目をそらしている,Others,46,1.76%
underboob,アンダーブーブ,Others,46,1.76%
no text breathing sound effect,,Others,46,1.76%
sagisawa fumika,佐々木fumika,Others,46,1.76%
pink chest ribbon,,Clothing,46,1.76%
black_hair,黒髪,Character,46,1.76%
artist:yoneyama_mai,絵師: yoneyama_mai風,Style,45,1.72%
shota,ショータ,Others,45,1.72%
back,背中,Others,45,1.72%
head tilt,斜め顔,Others,45,1.72%
realistic,現実的です,Others,45,1.72%
hair ornament,髪飾り,Character,45,1.72%
euphoric,,Others,45,1.72%
shirt lifted up,,Clothing,45,1.72%
very_long_hair,とても長い髪,Character,45,1.72%
small breasts,微乳・貢乳,Character,44,1.69%
hyper-detailed,,Others,44,1.69%
3d background on bedroom,,Background,44,1.69%
focus ass,,Others,44,1.69%
orange sunlight view windows,,Background,44,1.69%
huge bed,,Background,44,1.69%
Body size difference,,Others,44,1.69%
disproportionate physique,,Others,44,1.69%
hug to hug,,Others,44,1.69%
girl breasts to boy face,,Character,44,1.69%
no text hugging sound effect,,Others,44,1.69%
stroking sound effect,,Others,44,1.69%
4meters tall,,Others,44,1.69%
super taller girl,,Character,44,1.69%
kneeling on bed,,Pose,44,1.69%
pigeon toed,,Others,44,1.69%
hugging boy,,Character,44,1.69%
stroking boy head,,Character,44,1.69%
jaw put on boy head,,Character,44,1.69%
gleaming softy skin,,Character,44,1.69%
wrinkled breasts,,Character,44,1.69%
maternal kind shiny eyes,,Character,44,1.69%
face rubbing boy head,,Character,44,1.69%
sagging narrow eyes,,Character,44,1.69%
maternal softy face,,Character,44,1.69%
archaic smile,,Character,44,1.69%
moving afterimage breasts,,Character,44,1.69%
drooping liquidity breasts,,Character,44,1.69%
melting dented breasts,,Character,44,1.69%
broken deformed breasts,,Character,44,1.69%
skinny thin waist,,Character,44,1.69%
closed fat loose thighs,,Character,44,1.69%
liquidity crushed thighs,,Character,44,1.69%
breathing onomatopoeia,,Others,44,1.69%
minimum shota,,Others,44,1.69%
1meters tall,,Others,44,1.69%
short body,,Others,44,1.69%
Calm happy face,,Character,44,1.69%
sleepy pamper face,,Character,44,1.69%
sitting on girl,,Pose,44,1.69%
sitting on girl kneel,,Pose,44,1.69%
hip on girl thighs,,Character,44,1.69%
foots on girl hip,,Character,44,1.69%
intertwine legs on waist,,Pose,44,1.69%
hugging girl,,Character,44,1.69%
sitting cross legged,,Pose,44,1.69%
cross foots,,Others,44,1.69%
rising foots legs on waist,,Pose,44,1.69%
lifting foots legs on waist,,Pose,44,1.69%
foots on waist,,Others,44,1.69%
face sink into softy breasts,,Character,44,1.69%
face pressing crushed breasts,,Character,44,1.69%
face dig in flatten breasts,,Character,44,1.69%
shaking afterimage head,,Others,44,1.69%
rubbing afterimage head,,Others,44,1.69%
grabbing girl back,,Character,44,1.69%
-2::artist collaboration,,Others,44,1.69%
smug smile,,Character,44,1.69%
goddess_of_victory:_nikke,勝利の女神：ニッケ,Others,44,1.69%
dark bed room,,Background,43,1.65%
heart,ハート,Others,43,1.65%
playing,演奏,Others,43,1.65%
white loincloth,白いロインコロス,Others,43,1.65%
blue one-piece swimsuit,青いワンピース水着,Clothing,42,1.61%
white lines on clothes,,Clothing,42,1.61%
latest data,,Others,42,1.61%
audience,観客,Others,42,1.61%
people:: 1.4::blue gk,,Others,42,1.61%
satoumogumogu,,Others,42,1.61%
yuyuworks,,Others,42,1.61%
greembang,,Others,42,1.61%
sos adult,,Others,42,1.61%
piratescat01,,Others,42,1.61%
yunsang,ユンサン,Others,42,1.61%
A highly finished photo-style artwork that has lively color,,Style,42,1.61%
graphic texture,,Others,42,1.61%
realistic skin surface,,Character,42,1.61%
and lifelike flesh with little obliques::. 1.5::photorealistic,,Others,42,1.61%
messy hair,ボサボサの髪,Character,42,1.61%
fine fabric emphasis,ファブリックの強調,Others,41,1.57%
looking up,見上げる,Others,41,1.57%
motion lines,モーションライン,Others,41,1.57%
8K,8K解像度 (クオリティタグ),Others,41,1.57%
focus breasts,,Character,41,1.57%
anime style,,Style,41,1.57%
nfsw,,Others,41,1.57%
slut cloth,,Others,41,1.57%
pink eyes,桃色の目,Character,41,1.57%
sleepy,眠い,Others,41,1.57%
from front,,Others,40,1.53%
incredibly absurdres,信じられないほど不条理,Others,40,1.53%
ponytail,ポニーテール,Others,40,1.53%
armpits,脇 (わそ),Others,40,1.53%
nakano ichika,中野像,Others,40,1.53%
blurry background,背景ぼかし,Background,40,1.53%
thin rail skinny body,,Character,40,1.53%
muv-luv total eclipse,,Others,40,1.53%
censored,修正済み,Others,40,1.53%
super sonico,スーパーソニコ,Others,39,1.49%
artist:freng,絵師: freng風,Style,39,1.49%
monochrome,モノクロ,Style,39,1.49%
r-18,,Others,39,1.49%
storng shadow in room,,Background,38,1.46%
rating:general,,Others,38,1.46%
rurudo style,,Style,38,1.46%
sleeping,睡眠,Others,38,1.46%
watercolor,,Style,38,1.46%
blonde_hair,金髪,Character,38,1.46%
short_hair,ショートヘア,Character,38,1.46%
artist:queasyS,絵師: queasyS風,Style,38,1.46%
artist:marinesnow,絵師: marinesnow風,Style,38,1.46%
artist:yohan1754,絵師: yohan1754風,Style,38,1.46%
artist:NaBaBa,絵師: NaBaBa風,Style,38,1.46%
artist:behalter,絵師: behalter風,Style,38,1.46%
detailed thick long eyelashes,,Others,38,1.46%
pretty,,Others,38,1.46%
lens flare,レンズフレア,Others,38,1.46%
dark eyeshadow,,Background,38,1.46%
make-up,,Others,38,1.46%
detailed legwear,,Others,37,1.42%
detailed fabric emphasis,,Others,37,1.42%
fine fabric tension,,Others,37,1.42%
fabric wrinkles,,Others,37,1.42%
skin tight,肌がきつく,Character,37,1.42%
taught clothes,,Clothing,37,1.42%
dark skinned female,,Character,37,1.42%
tan skin female,,Character,37,1.42%
highly finished,,Others,37,1.42%
elaborated,,Others,37,1.42%
detailed,,Others,37,1.42%
sexual exposure,,Others,37,1.42%
risque,,Others,37,1.42%
sexualized,,Others,37,1.42%
no text thick eyeliner,,Others,37,1.42%
breasts located high on chest,,Character,37,1.42%
saline breast implants,,Character,37,1.42%
rounded breasts projection,,Character,37,1.42%
maximum volume breasts fullness,,Character,37,1.42%
-2::sagging breasts,,Character,37,1.42%
drooping breasts,,Character,37,1.42%
low hanging breasts::skinny,,Character,37,1.42%
lean,,Others,37,1.42%
fit,,Others,37,1.42%
elevated décolletage,,Others,37,1.42%
undersized covered small nipples,,Others,37,1.42%
hair ornaments,,Character,37,1.42%
long legs,長い脚,Pose,37,1.42%
small navel,,Character,37,1.42%
dark purple hair,,Character,37,1.42%
blue_eyes,碧眼,Character,37,1.42%
hair_between_eyes,目の間の髪,Character,37,1.42%
nimble fabric,ニンブルファブリック,Others,36,1.38%
covered breasts,,Character,36,1.38%
bedroom,寝室,Background,36,1.38%
room,部屋,Background,36,1.38%
vaginal,膣,Others,36,1.38%
bouncing breasts,胸を跳ねます,Character,36,1.38%
indoor,,Others,36,1.38%
bob cut,ボブ・カット,Others,36,1.38%
confident expression,,Others,36,1.38%
assertive gaze,,Others,36,1.38%
huge_breasts,爆乳,Character,36,1.38%
looking back,振り返る,Pose,35,1.34%
4k,4K解像度 (クオリティタグ),Others,35,1.34%
artist:ratatatat74,絵師: ratatatat74風,Style,35,1.34%
squinting,目を細め,Others,35,1.34%
The background becomes a bedroom.,,Background,35,1.34%
long skirt,ロングスカート,Clothing,35,1.34%
orgasm face,,Character,35,1.34%
purple thong,,Others,35,1.34%
Digital illustration,,Others,35,1.34%
official_alternate_costume,公式の別のコスチューム,Others,35,1.34%
topless female,,Others,34,1.30%
hands on breasts,,Pose,34,1.30%
shy,シャイ,Others,34,1.30%
three quarter view,,Others,34,1.30%
legs apart,足は離れています,Pose,34,1.30%
anime illustration,,Others,34,1.30%
stomach,下腹部,Others,34,1.30%
tail,しっぽ,Others,34,1.30%
advanced nurturing high school uniform,高校の制服を育てる高度な育成,Clothing,33,1.26%
portrait,肖像画風 (肩から上),Others,33,1.26%
gloves,手袋,Others,33,1.26%
skinny,スキニー,Character,33,1.26%
cum,射精,Others,33,1.26%
brown_hair,茶髪,Character,33,1.26%
multi view,,Others,33,1.26%
pulaple eyes,,Character,33,1.26%
negligee,ネグリジェ,Others,33,1.26%
bare stomach,,Others,33,1.26%
collarbone,鎖骨,Others,33,1.26%
multicolored_hair,二色髪,Character,33,1.26%
detailed hands,,Pose,32,1.23%
covering nipple,,Others,32,1.23%
cute,,Others,32,1.23%
anime-style,,Style,32,1.23%
soft contrast,,Others,32,1.23%
path tracing,,Others,32,1.23%
perfect masterpiece,,Others,32,1.23%
bokeh,背景のぼけ、玉ぼけ,Others,32,1.23%
100-layer,,Others,32,1.23%
big breasts,,Character,32,1.23%
heavy blush,,Character,32,1.23%
sweating,,Others,32,1.23%
wind,風,Others,32,1.23%
slim waist,,Others,32,1.23%
black shorts,黒いショートパンツ,Others,32,1.23%
scathach skadi swimsuit ruler first ascension fate,,Clothing,32,1.23%
underwear,下着,Clothing,32,1.23%
simple_background,単色背景,Background,32,1.23%
very close distance,,Others,31,1.19%
tongue focus,,Others,31,1.19%
echosaber,,Others,31,1.19%
head out of frame,フレームから出てください,Others,31,1.19%
sports bra,スポーツブラ,Clothing,31,1.19%
artist:alp,絵師: alp風,Style,31,1.19%
thighhighs,ゥイハイソックス,Others,31,1.19%
gentle smile,,Character,31,1.19%
-2::knees,,Others,31,1.19%
push-up frill lowleg bikini,,Clothing,31,1.19%
red_eyes,赤目,Character,31,1.19%
multiple_girls,複数人の女の子,Character,31,1.19%
grey_hair,灰髪,Character,31,1.19%
blue_archive,ブルーアーカイブ,Others,31,1.19%
gigantic breasts,巨大な胸,Character,30,1.15%
love live! nijigasaki high school idol club,ライブが大好き！ Nijigasaki High School Idol Club,Others,30,1.15%
asaka karin,浅田カリン,Others,30,1.15%
halter neck bra,,Clothing,30,1.15%
o-ring bikini,Oリングビキニ,Clothing,30,1.15%
deep penetration,深い浸透,Others,30,1.15%
perfect face,,Character,30,1.15%
shirt,シャツ,Clothing,30,1.15%
sideboob,サイドブーブ,Others,30,1.15%
wind lift,風リフト,Others,30,1.15%
nakano miku swimsuit,,Clothing,30,1.15%
frilled bikini,フリルビキニ,Clothing,30,1.15%
no headphones,,Others,30,1.15%
lying on beach chair,,Pose,30,1.15%
hundred,百,Others,30,1.15%
scathach swimsuit assassin fate,,Clothing,30,1.15%
nakano nino swimsuit,,Clothing,30,1.15%
minamoto no raikou swimsuit lancer third ascension fate,,Clothing,30,1.15%
artist:blue gk,絵師: blue gk風,Style,30,1.15%
thick_thighs,太ももの太もも,Character,30,1.15%
takamura yui,高村ユイ,Others,30,1.15%
ibuki douji swimsuit berserker fate,,Clothing,30,1.15%
visor cap,バイザーキャップ,Others,30,1.15%
disgusted face,,Character,30,1.15%
angry face,,Character,30,1.15%
kama swimsuit avenger second ascension fate,,Clothing,30,1.15%
kama swimsuit avenger third ascension fate,,Clothing,30,1.15%
jeanne d'arc swimsuit archer first ascension fate,,Clothing,30,1.15%
newest,,Quality,29,1.11%
five fingers,,Others,29,1.11%
highly detailed fingers,,Others,29,1.11%
beautiful legs,,Pose,29,1.11%
highly detailed legs,,Pose,29,1.11%
gloss and shiny,,Others,29,1.11%
from under,,Others,29,1.11%
3d,3D,Others,29,1.11%
modern pixiv trending 2024-2026 style,,Style,29,1.11%
torino style,,Style,29,1.11%
beautiful anime illustration,,Others,29,1.11%
huge breats,,Others,29,1.11%
above view angle,,Others,29,1.11%
no text japanese sound effect,,Others,29,1.11%
location,,Others,29,1.11%
from_below,下から,Others,29,1.11%
halo,ハロー,Others,29,1.11%
no crown,,Others,29,1.11%
dark room,暗い部屋,Background,28,1.07%
fighting stance,戦いの姿勢,Others,28,1.07%
faceless,顔のない,Character,28,1.07%
focus legs,,Pose,28,1.07%
aesthetic,,Quality,28,1.07%
demon_horns,悪魔の角,Others,28,1.07%
dark,暗い,Others,28,1.07%
halterneck,ホルターネック,Others,28,1.07%
white_background,白色背景,Background,28,1.07%
on back,仰向け,Others,27,1.03%
adult,,Others,27,1.03%
bike shorts,自転車ショーツ,Others,27,1.03%
glossy oiled skin,,Character,27,1.03%
shiny oiled skin,,Character,27,1.03%
youkoso jitsuryoku shijou shugi no kyoushitsu e,Youkoso Jitsuryoku shijou shugi no kyoushitsu e,Others,27,1.03%
artist:mery yangmalgage,絵師: mery yangmalgage風,Style,27,1.03%
artist:banana_oekaki,絵師: banana_oekaki風,Style,27,1.03%
artist:pija pianiishimo,絵師: pija pianiishimo風,Style,27,1.03%
artist:ushikani_kassen,絵師: ushikani_kassen風,Style,27,1.03%
artist:ikuchan_kaoru,絵師: ikuchan_kaoru風,Style,27,1.03%
artist:seura_isago,絵師: seura_isago風,Style,27,1.03%
artist:feipin_zhanshi,絵師: feipin_zhanshi風,Style,27,1.03%
artist: collagen,絵師:  collagen風,Style,27,1.03%
-3.0::blurry,,Others,27,1.03%
-3.0::artist collaboration,,Others,27,1.03%
ichinose honami youjitsu,,Others,27,1.03%
skirt lift,スカートのたくしあげ,Clothing,27,1.03%
demon_girl,悪魔の女の子,Character,27,1.03%
oiled skin,,Character,27,1.03%
face only,,Character,27,1.03%
bent over,曲がった,Others,27,1.03%
red trims on shirt,,Clothing,27,1.03%
smoke all covered girl,,Character,27,1.03%
a beautiful 40-year-old mature woman,,Others,27,1.03%
tall slender 12 head proportions,,Others,27,1.03%
extremely long legs,,Pose,27,1.03%
dramatically narrow waist,,Others,27,1.03%
slim body with soft protruding breasts and plump buttocks,,Character,27,1.03%
extremely soft melting skin,,Character,27,1.03%
soft jiggly breasts and ass,,Character,27,1.03%
breasts and buttocks heavily deformed and deeply squished against the frosted glass,,Character,27,1.03%
actively showering,,Others,27,1.03%
standing under the shower head,,Pose,27,1.03%
hot water running down her body,,Others,27,1.03%
both hands raised washing her hair,,Pose,27,1.03%
eyes closed,,Character,27,1.03%
seductive foggy silhouette,,Others,27,1.03%
smoke covered breasts,,Character,27,1.03%
smoke covered pussy,,Others,27,1.03%
miniskirt,ミニスカート,Clothing,27,1.03%
japanese sound effects,,Others,27,1.03%
3d background on  bedroom,,Background,27,1.03%
scatter take off black suits,,Others,27,1.03%
scatter take off skirt,,Clothing,27,1.03%
no text sweet sound effects,,Others,27,1.03%
marikawa shizuka anime,,Others,27,1.03%
glossy fresh skin,,Character,27,1.03%
ripe harvest skin,,Character,27,1.03%
hyperrealistic skin,,Character,27,1.03%
fresh water on skin,,Character,27,1.03%
glossy produce breasts,,Character,27,1.03%
Resilient heavy lips,,Others,27,1.03%
Ripe fruit breasts,,Character,27,1.03%
fresh Ripe girl,,Character,27,1.03%
sweet breathing,,Others,27,1.03%
gourd shaped waist,,Others,27,1.03%
gourd shaped body,,Others,27,1.03%
steaming collarbone,,Others,27,1.03%
china like skin,,Character,27,1.03%
covered jelly nipples,,Others,27,1.03%
watermelon size breasts,,Character,27,1.03%
Ripe for eating body,,Others,27,1.03%
Prime eating time body,,Others,27,1.03%
Perfect time to eat body,,Others,27,1.03%
eating in season skin,,Character,27,1.03%
peach shaped hip,,Others,27,1.03%
watermelon size hip,,Others,27,1.03%
daikon Length legs,,Pose,27,1.03%
Elasticity konjac thighs,,Character,27,1.03%
grape shaped eyes,,Character,27,1.03%
sweet fruits fragrance,,Others,27,1.03%
smooth and glistening crotch,,Others,27,1.03%
small orange shoulder,,Others,27,1.03%
well groomed eyes,,Background,27,1.03%
perfect eyes,,Character,27,1.03%
beautiful shiny eyes,,Character,27,1.03%
well groomed face,,Background,27,1.03%
well groomed skin,,Background,27,1.03%
perfect skin,,Character,27,1.03%
well groomed body,,Background,27,1.03%
perfect body,,Others,27,1.03%
beautiful body,,Others,27,1.03%
wearing string lace panty,,Others,27,1.03%
string lace bra,,Clothing,27,1.03%
erotic pattern purple under wear,,Others,27,1.03%
white jacket is halfway undressed,,Clothing,27,1.03%
black ripped pencil skirt is halfway undressed,,Clothing,27,1.03%
ripe hip sticking out of tights,,Others,27,1.03%
shaking waist,,Others,27,1.03%
shaking breasts,,Character,27,1.03%
shaking hip,,Others,27,1.03%
twisted pose body,,Pose,27,1.03%
waving afterimage body,,Others,27,1.03%
posing,,Others,27,1.03%
playful,,Others,27,1.03%
amused,,Others,27,1.03%
solo_focus,一人だけ強調,Character,27,1.03%
trembling,震え,Others,26,1.00%
perspective,視点,Others,26,1.00%
ayanokouji kiyotaka,アヤノコウジ清川,Others,26,1.00%
sagging breasts,胸をたるむ,Character,26,1.00%
artist:wanke,絵師: wanke風,Style,26,1.00%
demon_tail,悪魔の尾,Others,26,1.00%
bulge,バルジ,Others,26,1.00%
barefoot,裸足,Others,26,1.00%
brown hair,茶髪,Character,26,1.00%
red buruma,赤いブルーマ,Others,26,1.00%
medium_breasts,普乳,Character,26,1.00%
blazer,ブレザー,Clothing,26,1.00%
see-through shirt,シースルーシャツ,Clothing,26,1.00%
completely naked but entire body heavily covered in thick white soap bubbles and foam,,Others,26,1.00%
body almost entirely obscured by dense soap suds,,Others,26,1.00%
very little skin visible,,Character,26,1.00%
skin mostly hidden under thick foam,,Character,26,1.00%
head tilted back,,Others,26,1.00%
behind frosted glass with heavy condensation,,Others,26,1.00%
thick steam filling the air,,Others,26,1.00%
nipples completely hidden by steam and foam,,Others,26,1.00%
pussy completely hidden by steam and thick bubbles,,Others,26,1.00%
lewd wet foam-covered mature body,,Others,26,1.00%
black thighhighs,黒ニーソ,Others,26,1.00%
blue and green theme,,Others,26,1.00%
sexually teasing,,Others,26,1.00%
sexually aroused,,Others,26,1.00%
artist:jacknife,絵師: jacknife風,Style,25,0.96%
artist:min_120716,絵師: min_120716風,Style,25,0.96%
artist:rurudo,絵師: rurudo風,Style,25,0.96%
artist:ru_zhai,絵師: ru_zhai風,Style,25,0.96%
wu_ganlan_cai,ウー・ガンラン・カイ,Others,25,0.96%
meion,メオン,Others,25,0.96%
rhasta,Rhasta,Others,25,0.96%
high color volume,,Others,25,0.96%
artist:shiromako,絵師: shiromako風,Style,25,0.96%
artist:takai_isshiki,絵師: takai_isshiki風,Style,25,0.96%
artist:kakao_chocolate_land,絵師: kakao_chocolate_land風,Style,25,0.96%
artist:mashutarou_neko_no_oyashiro,絵師: mashutarou_neko_no_oyashiro風,Style,25,0.96%
artist:ask askzy ::  year 2024,絵師: ask askzy ::  year 2024風,Style,25,0.96%
-3::loli,,Others,25,0.96%
child,子供,Others,25,0.96%
chibi,ちびキャラ,Others,25,0.96%
solo artist,,Character,25,0.96%
-6::artist collaboration,,Others,25,0.96%
-1::faux retro artstyle,,Style,25,0.96%
-1::film grain,,Others,25,0.96%
-1::clean text,,Others,25,0.96%
-1::flat color,,Others,25,0.96%
natural,,Others,25,0.96%
masterpiece portrait,,Others,25,0.96%
super detail,,Others,25,0.96%
hyper detail,,Others,25,0.96%
detailed incredibly absurdres,,Others,25,0.96%
very detailed,,Others,25,0.96%
best illustration,,Others,25,0.96%
midnight,,Background,25,0.96%
demon_wings,悪魔の翼,Others,25,0.96%
micro bikini,マイクロビキニ,Clothing,25,0.96%
bare legs,素足,Pose,25,0.96%
side view,,Others,25,0.96%
beautiful hair,,Character,25,0.96%
beautiful detailed face,,Character,25,0.96%
glossy black pantyhose,,Clothing,25,0.96%
1leg up,,Others,25,0.96%
big thighs,,Character,25,0.96%
zenless_zone_zero,ゼンレスゾーンゼロ,Others,25,0.96%
pink_hair,ピンク髪,Character,25,0.96%
completely_nude,全裸,Others,25,0.96%
petite,小柄,Others,24,0.92%
metallic blue bikini,,Clothing,24,0.92%
artist:ningen mame,絵師: ningen mame風,Style,24,0.92%
glossy skin:1.4、glossy glistening:1.4、oiled skin,,Character,24,0.92%
meer campbell gundom,,Others,24,0.92%
solid small breasts,,Character,24,0.92%
pressed breasts thighs  spoken sound effect,,Character,24,0.92%
wearing school uniform,,Clothing,24,0.92%
wet body,,Others,24,0.92%
glossy,,Others,24,0.92%
femboy,,Character,24,0.92%
bra,ブラ,Clothing,24,0.92%
yasaka high school dxd,,Others,24,0.92%
huge mature woman,,Others,24,0.92%
height 210cm,,Others,24,0.92%
extremely voluptuous motherly body,,Others,24,0.92%
massive breasts leaking milk,,Character,24,0.92%
extremely strong and toned core muscles,,Others,24,0.92%
tiny young man 120cm tall,,Others,24,0.92%
small body,,Others,24,0.92%
hyper developed huge penis deeply inserted,,Others,24,0.92%
intense sex scene,,Others,24,0.92%
the woman is completely motionless,,Others,24,0.92%
her giant body doesn't budge at all,,Others,24,0.92%
rock-solid posture,,Others,24,0.92%
powerful core muscles completely stable,,Others,24,0.92%
not shaking even slightly despite violent thrusting,,Background,24,0.92%
the tiny man is moving extremely violently and frantically,,Others,24,0.92%
pounding her with all his strength,,Others,24,0.92%
hips blurring from rapid piston movement,,Others,24,0.92%
sweat flying,,Pose,24,0.92%
aggressive domination,,Others,24,0.92%
woman's huge breasts swaying heavily only from the internal impact,,Character,24,0.92%
milk spraying,,Others,24,0.92%
eyes rolled back,,Character,24,0.92%
man ejaculating powerfully inside her,,Others,24,0.92%
cum overflowing,,Others,24,0.92%
multiple creampie,,Others,24,0.92%
focus on the extreme size difference,,Others,24,0.92%
contrast between motionless giant woman and desperately thrusting tiny man,,Others,24,0.92%
mother and son incest,,Others,24,0.92%
loving yet dominant expression on woman,,Others,24,0.92%
detailed pussy,,Others,24,0.92%
womb penetration,,Others,24,0.92%
internal cumshot visible,,Others,24,0.92%
hide eyes,,Character,24,0.92%
mosaic blurred penis,,Others,24,0.92%
short small penis,,Others,24,0.92%
tiny testicles,,Others,24,0.92%
red panties,赤いパンティー,Clothing,24,0.92%
no text koito yuu,,Others,24,0.92%
no panties,ノーパン,Clothing,24,0.92%
dutch_angle,ダッチアングル,Others,24,0.92%
wide_hips,ワイドヒップ,Others,24,0.92%
anime screencap,アニメスクリーンキャップ,Others,24,0.92%
extremelydetailed,,Others,24,0.92%
8k_wallpaper,,Background,24,0.92%
retouch,,Others,24,0.92%
kochikame,コチカメ,Others,24,0.92%
artist:dawalixi,絵師: dawalixi風,Style,24,0.92%
3d background indoor room,,Background,24,0.92%
aphrodite shuumatsu,,Others,24,0.92%
wearing full clothes,,Clothing,24,0.92%
beautiful woman standing seductively,,Pose,24,0.92%
full body view,,Others,24,0.92%
elegant yet provocative pose,,Pose,24,0.92%
perfect exaggerated hourglass figure,,Others,24,0.92%
ideal waist to hip ratio 0.68,,Others,24,0.92%
extremely narrow waist,,Others,24,0.92%
very wide rounded hips,,Others,24,0.92%
plump perfect buttocks with strong roundness and protrusion,,Others,24,0.92%
voluptuous breasts with generous size,,Character,24,0.92%
perfect teardrop shape,,Others,24,0.92%
high position and seductive cleavage,,Character,24,0.92%
long elegant legs,,Pose,24,0.92%
thick soft thighs with feminine fullness,,Character,24,0.92%
slim toned calves,,Others,24,0.92%
delicate ankles,,Others,24,0.92%
golden ratio body with enhanced curviness,,Others,24,0.92%
8 head body,,Others,24,0.92%
perfect anatomical harmony,,Others,24,0.92%
doll-like delicate facial features,,Others,24,0.92%
seductive inviting expression,,Others,24,0.92%
half-lidded bedroom eyes looking at viewer,,Pose,24,0.92%
slight sensual smile with parted lips,,Background,24,0.92%
arousing S curve posture,,Others,24,0.92%
pushed out chest and hips,,Others,24,0.92%
weight shifted to emphasize curves,,Others,24,0.92%
porcelain doll aesthetic,,Quality,24,0.92%
extremely smooth and refined body lines,,Others,24,0.92%
soft seamless voluptuous curves,,Others,24,0.92%
renaissance painting ideal beauty mixed with sensual allure,,Others,24,0.92%
goddess-like yet tempting silhouette,,Others,24,0.92%
one hand gently touching hair or neck,,Pose,24,0.92%
inviting gesture,,Others,24,0.92%
soft dramatic lighting,,Background,24,0.92%
artistic chiaroscuro,,Others,24,0.92%
beautiful shadows accentuating deep curves and body lines,,Background,24,0.92%
highly detailed skin texture,,Character,24,0.92%
in the style of renaissance painting,,Style,24,0.92%
botticelli,,Others,24,0.92%
bouguereau,,Others,24,0.92%
classical oil painting,,Others,24,0.92%
ethereal beauty,,Others,24,0.92%
voluptuous body,,Others,24,0.92%
3d background is shiny sand beach,,Background,24,0.92%
gleaming sea,,Others,24,0.92%
blue light sky,,Background,24,0.92%
ocean view,,Others,24,0.92%
no text spoken sound effect,,Others,24,0.92%
breathing sound effect,,Others,24,0.92%
kirara gundam bf,,Others,24,0.92%
beautiful higher tall woman,,Others,24,0.92%
12 heads proportion,,Others,24,0.92%
extremely tall and leggy,,Others,24,0.92%
very long slender legs,,Pose,24,0.92%
model body,,Others,24,0.92%
slim athletic build,,Others,24,0.92%
cinched narrow waist,,Others,24,0.92%
flared wide hips,,Others,24,0.92%
prominent large breasts,,Character,24,0.92%
voluptuous round buttocks,,Others,24,0.92%
toned and firm thighs,,Character,24,0.92%
subtle muscle definition visible on inner upper thighs near groin,,Character,24,0.92%
slight muscular lines on thighs,,Background,24,0.92%
wearing minimal striped white and pink bikini with delicate string,,Clothing,24,0.92%
striped thin bikini,,Clothing,24,0.92%
pink heel sandal,,Others,24,0.92%
thighs band holder,,Character,24,0.92%
bikini digging into body,,Clothing,24,0.92%
skin heavily covered in slippery lotion,,Character,24,0.92%
lewd glistening oily skin,,Character,24,0.92%
slick wet shiny body,,Others,24,0.92%
erotic oily reflections and highlights,,Background,24,0.92%
full body visible,,Others,24,0.92%
elegant full body pose,,Pose,24,0.92%
standing with legs apart to show full figure,,Pose,24,0.92%
balanced dynamic pose,,Pose,24,0.92%
detailed realistic skin texture,,Character,24,0.92%
oil droplets,,Others,24,0.92%
seductive alluring gaze,,Others,24,0.92%
gleaming lips,,Others,24,0.92%
gleaming sweat,,Others,24,0.92%
gleaming eyes,,Character,24,0.92%
crazy hot eyes,,Character,24,0.92%
covered invisible nipples,,Others,24,0.92%
hide nipples,,Others,24,0.92%
erotic face,,Character,24,0.92%
white nipples,,Others,24,0.92%
deep heavy hip,,Others,24,0.92%
gravity gigantic hip,,Others,24,0.92%
melting softy breasts,,Character,24,0.92%
pressing crushed breasts,,Character,24,0.92%
crushing dented breasts,,Character,24,0.92%
liquidity deformed breasts,,Character,24,0.92%
surprised,驚いた,Others,23,0.88%
shiny hair,光が当たった髪,Character,23,0.88%
looking down,見下ろす,Others,23,0.88%
parted lips,少し開いた口,Others,23,0.88%
-0.8::feet,,Others,23,0.88%
on bed,ベッドで,Background,23,0.88%
feet,足,Others,23,0.88%
anime collor、animate、anime coloring,,Others,23,0.88%
panting,,Others,23,0.88%
wearing wrinkled armor,,Others,23,0.88%
overall detail,,Others,23,0.88%
bedroom setting spoken sound effect,,Background,23,0.88%
Uncensored,無修正,Others,23,0.88%
covered puffy nipples,,Others,23,0.88%
blue_gk,青いgk,Others,23,0.88%
-6::6 fingers,,Others,23,0.88%
out doors,,Others,23,0.88%
grey walls,,Background,23,0.88%
white sleeveless sport shirt,,Clothing,23,0.88%
jewelry,宝石,Others,23,0.88%
slingshot_swimsuit,Slingshot水着,Clothing,23,0.88%
facing viewer,対面視聴者,Others,22,0.84%
veiny penis,静脈ペニス,Others,22,0.84%
testicles,test丸,Others,22,0.84%
nose blush,鼻の赤面,Character,22,0.84%
tongue,舌,Others,22,0.84%
toes,つま先,Others,22,0.84%
3d background indoor bedroom,,Background,22,0.84%
short sleeves,半袖,Others,22,0.84%
anus,肛門,Others,22,0.84%
medium-large breasts,,Character,22,0.84%
glistening_body,,Others,22,0.84%
best_quality,,Quality,22,0.84%
jacket,ジャケット,Others,22,0.84%
bare_shoulders,肩出し,Others,22,0.84%
smoke all covered hip,,Others,22,0.84%
slut,,Others,22,0.84%
serafuku,セーラー服,Others,22,0.84%
white curtains,白いカーテン,Others,22,0.84%
thin rail skinny waist,,Character,22,0.84%
wide sparkling eyes,,Character,22,0.84%
obsessive stare,,Others,22,0.84%
intense gaze,,Others,22,0.84%
spoken sound effect,,Others,22,0.84%
legs slightly apart,,Pose,22,0.84%
pantyshot,パンティショット,Others,22,0.84%
no hat,,Clothing,21,0.80%
project sekai,プロジェクトセカイ,Others,21,0.80%
long pants,,Others,21,0.80%
aged down,老化,Others,21,0.80%
tears,涙,Others,21,0.80%
renderman cartoon,,Others,21,0.80%
extremely detailed CG unity 8k,,Others,21,0.80%
hyper oiled shiny skin,,Character,21,0.80%
oily skin,,Character,21,0.80%
highly detailed eyes,,Character,21,0.80%
gradient eyes,勾配の目,Character,21,0.80%
shining eyes,,Character,21,0.80%
shiny eyes,,Character,21,0.80%
large eyes,,Character,21,0.80%
-6::simple background,,Background,21,0.80%
virtual_youtuber,バーチャルYouTuber,Others,21,0.80%
KeqingGenshin Impact,,Others,21,0.80%
vore,vore,Others,21,0.80%
Abdominal struggle special effect,,Others,21,0.80%
Irregular big belly,,Others,21,0.80%
sweat drops on belly,,Others,21,0.80%
shiny oily skin,,Character,21,0.80%
curvy plump figure,,Others,21,0.80%
blushing face,,Character,21,0.80%
motion lines around belly,,Others,21,0.80%
hu tao genshin impact,,Others,21,0.80%
shyny skin,,Character,21,0.80%
artist:deadnooodles,絵師: deadnooodles風,Style,21,0.80%
artist:marushin denwa0214,絵師: marushin denwa0214風,Style,21,0.80%
3d background indoor foggy room,,Background,21,0.80%
highleg,highleg,Others,21,0.80%
kousaki rui style,,Style,21,0.80%
crossdressing,クロスドレス,Clothing,21,0.80%
short black messy hair,,Character,21,0.80%
light blue pleated skirt,,Clothing,21,0.80%
Tifa Lockhart,Tifa Lockhart,Others,21,0.80%
accurate character design,,Others,21,0.80%
long straight black hair with bangs,,Character,21,0.80%
seductive aroused expression,,Others,21,0.80%
tongue slightly out,,Background,21,0.80%
sweat drops on skin and cleavage,,Character,21,0.80%
slim toned waist,,Others,21,0.80%
wearing white tight crop top,,Others,21,0.80%
black garter harness straps,,Others,21,0.80%
black detached arm sleeves,,Others,21,0.80%
studded gray belt,,Others,21,0.80%
dimly lit wooden room,,Background,21,0.80%
vertical bars on left,,Others,21,0.80%
warm soft lighting from red hanging lantern on right,,Background,21,0.80%
in the distinctive art style of Crimson,,Style,21,0.80%
exact coloring and shading of Crimson,,Others,21,0.80%
beautiful warm color palette,,Others,21,0.80%
soft glossy skin highlights,,Background,21,0.80%
clean linework,,Others,21,0.80%
characteristic Crimson illustration,,Others,21,0.80%
blue_hair,青髪,Character,21,0.80%
closed_mouth,閉まった口,Character,21,0.80%
purple_eyes,紫目,Character,21,0.80%
hair_ornament,髪飾り,Character,21,0.80%
no text solo,,Character,20,0.77%
sitting on bed,,Pose,20,0.77%
wet hairs,,Character,20,0.77%
narrow waist,引き締まったウエスト,Others,20,0.77%
pov crotch,POV股,Others,20,0.77%
cumdrip,累積,Others,20,0.77%
wearing  wrinkled jacket,,Others,20,0.77%
solid large breasts,,Character,20,0.77%
pressed breasts thighs,,Character,20,0.77%
shirts covered breasts spoken sound effect,,Clothing,20,0.77%
wearing clothes,,Clothing,20,0.77%
armpit,,Others,20,0.77%
-2.0::feet,,Others,20,0.77%
looking at another,別の物を見てる,Others,20,0.77%
fellatio,フェラチオ,Others,20,0.77%
smug,独善的,Others,20,0.77%
horse_ears,馬の耳,Others,20,0.77%
steaming body,蒸し体,Others,20,0.77%
black sports bra,ブラックスポーツブラ,Clothing,20,0.77%
erection,勃起,Others,20,0.77%
high detail,,Others,20,0.77%
red leotard,赤いレオタード,Others,20,0.77%
sarong,サロン,Others,20,0.77%
-4::artist collaboration,,Others,20,0.77%
breasts focus,,Character,20,0.77%
artist:mankai kaika,絵師: mankai kaika風,Style,20,0.77%
artist:tomose shunsaku,絵師: tomose shunsaku風,Style,20,0.77%
artist:namie,絵師: namie風,Style,20,0.77%
artist:mikozin,絵師: mikozin風,Style,20,0.77%
artist:necomi,絵師: necomi風,Style,20,0.77%
artist:pottsness,絵師: pottsness風,Style,20,0.77%
artist:kuroboshi kouhaku,絵師: kuroboshi kouhaku風,Style,20,0.77%
artist:jp06,絵師: jp06風,Style,20,0.77%
artist:tatami to hinoki,絵師: tatami to hinoki風,Style,20,0.77%
artist:nekoshoko,絵師: nekoshoko風,Style,20,0.77%
artist:cle masahiro,絵師: cle masahiro風,Style,20,0.77%
artist:betanonbeet,絵師: betanonbeet風,Style,20,0.77%
artist:jack dempa,絵師: jack dempa風,Style,20,0.77%
painted sketch,,Others,20,0.77%
soft lines,,Others,20,0.77%
soft blending,,Others,20,0.77%
soil,土壌,Others,20,0.77%
chibi only,,Others,20,0.77%
da capo ii,Da Capo II,Others,20,0.77%
clean dark background,,Background,20,0.77%
artist:ebifurya,絵師: ebifurya風,Style,20,0.77%
artist:enkyo_yuuichirou,絵師: enkyo_yuuichirou風,Style,20,0.77%
artist:mochizuki_kei,絵師: mochizuki_kei風,Style,20,0.77%
artist:ciloranko,絵師: ciloranko風,Style,20,0.77%
artist:shanyao_jiang_tororo,絵師: shanyao_jiang_tororo風,Style,20,0.77%
target#cosplay,,Others,20,0.77%
half-lidded eyes,,Character,20,0.77%
2boy,,Character,20,0.77%
red pokemon,,Others,20,0.77%
blue pokemon,,Others,20,0.77%
haikyuu!!,haikyuu !!,Others,20,0.77%
ikkitousenstyle,,Style,20,0.77%
artist:uno_makoto,絵師: uno_makoto風,Style,20,0.77%
artist:kim_hyung_tae,絵師: kim_hyung_tae風,Style,20,0.77%
dandadanstyle,,Style,20,0.77%
agent_aikastyle,,Style,20,0.77%
anime theme,,Others,20,0.77%
animation cel,,Others,20,0.77%
anime_coloring,アニメの着色,Others,20,0.77%
megami magazine,Megami Magazine,Others,20,0.77%
gotou_matabei_hyakka_ryouran,,Others,20,0.77%
Curvy physique,,Others,20,0.77%
-1.8::earring,,Others,20,0.77%
shide,シャイド,Others,20,0.77%
fundoshi,Fundoshi,Others,20,0.77%
pelvic_curtainclothes,,Clothing,20,0.77%
back of head,,Others,20,0.77%
holding spear,,Pose,20,0.77%
artist:mishima_kurone,絵師: mishima_kurone風,Style,20,0.77%
artist:shirabi,絵師: shirabi風,Style,20,0.77%
artist:muninshiki,絵師: muninshiki風,Style,20,0.77%
artist:kyokutyo,絵師: kyokutyo風,Style,20,0.77%
flat color,平らな色,Style,20,0.77%
mochizuki honami project sekai,,Others,20,0.77%
white and red volleyball uniform,,Clothing,20,0.77%
holding,物を持ってる,Pose,20,0.77%
dark_skin,黒人,Character,20,0.77%
white_hair,白髪,Character,20,0.77%
sitting on bench,ベンチに座っています,Pose,19,0.73%
kneeling,膝立ち,Pose,19,0.73%
-2.0::dark-skinned male,,Character,19,0.73%
nijisanji,にじさんじ,Others,19,0.73%
pear shaped figure,,Others,19,0.73%
earrings,イヤリング,Others,19,0.73%
futanari,futanari,Others,19,0.73%
black background,黒背景,Background,19,0.73%
-3::artist collaboration,,Others,19,0.73%
love hotel,大好きなホテル,Others,19,0.73%
animated,アニメーション,Others,19,0.73%
shirt lift,シャツリフト,Clothing,19,0.73%
choker,チョーカー,Others,19,0.73%
no bra,ノーブラ,Clothing,19,0.73%
honashi,,Others,19,0.73%
wagashi dagashiya,,Others,19,0.73%
hong white spider,,Others,19,0.73%
sushispin,,Others,19,0.73%
redi rasec asdjh,,Others,19,0.73%
yd_orange_maru,,Others,19,0.73%
Groin,股間,Others,19,0.73%
no text oumae kumiko,,Others,19,0.73%
overexcited expression,,Others,19,0.73%
plants,,Others,19,0.73%
flowers,,Others,19,0.73%
one knee softly bent,,Others,19,0.73%
white_thighhighs,白ニーソ,Others,19,0.73%
brown_eyes,茶目,Character,19,0.73%
expressionless,無表情,Others,18,0.69%
large penis,大きなペニス,Others,18,0.69%
saliva trail,唾液トレイル,Others,18,0.69%
red bra,赤いブラジャー,Clothing,18,0.69%
twintails,ツインテール,Others,18,0.69%
grabbing another’s breasts,,Character,18,0.69%
dim lighting,薄暗い照明,Background,18,0.69%
8K hdr,,Others,18,0.69%
splashing,スプラッシング,Others,18,0.69%
sea,,Others,18,0.69%
Brown hair,茶髪,Character,18,0.69%
huge boobs,,Others,18,0.69%
bigger boobs,,Others,18,0.69%
angry expression,,Others,18,0.69%
saeki sayaka,Saeki Sayaka,Others,18,0.69%
low angle,,Others,18,0.69%
flat shading,,Others,18,0.69%
precise linework,,Others,18,0.69%
dress,ドレス,Clothing,18,0.69%
tongue_out,舌出し,Others,18,0.69%
focus waist,,Others,18,0.69%
shower head,シャワーヘッド,Others,18,0.69%
yabacha,ヤバチャ,Others,18,0.69%
inside an enormous ornate white lily-like flower,,Others,18,0.69%
androgynous young male normal young adult body type in mid-transformation into femboy plant monster: delicate feminine face with heavy blush and entranced expression,,Character,18,0.69%
two beautiful Alraune plant girls elegant seductive young adult female bodies,,Character,18,0.69%
affectionate loving mischievous smiles,,Character,18,0.69%
extreme contrast between the serene beautiful giant flower and the gentle yet inevitable forced plant monster feminization,,Others,18,0.69%
onsen,温泉,Others,18,0.69%
tight cropped black leather jacket,,Others,18,0.69%
-2::skirt,,Clothing,18,0.69%
angelina kudou shields,アンジェリーナ・クドゥ・シールズ,Others,18,0.69%
-2::choker,,Others,18,0.69%
-2::moles,,Others,18,0.69%
red checkered skirt,,Clothing,18,0.69%
red and white two tone color skirt,,Clothing,18,0.69%
in yard,,Others,18,0.69%
trees,,Others,18,0.69%
lawn,芝生,Others,18,0.69%
dramatic angle,,Others,18,0.69%
round eyes,,Character,18,0.69%
outlines,,Others,18,0.69%
lace trimmed panties,,Clothing,18,0.69%
sex_from_behind,後ろからのセックス,Others,18,0.69%
small_breasts,貧乳,Character,18,0.69%
leaning back,後ろに傾いています,Pose,17,0.65%
focus face,,Character,17,0.65%
half updo,半分,Others,17,0.65%
lighting,,Background,17,0.65%
wooden floor,木の床,Background,17,0.65%
large areolae,大きな乳輪,Others,17,0.65%
large_areolae,大きな乳輪,Others,17,0.65%
emphasis lines,強調ライン,Others,17,0.65%
dim lights,,Background,17,0.65%
fantongjun,ファントジュン,Others,17,0.65%
nixeu,nixeu,Others,17,0.65%
white panties,白パンティ,Clothing,17,0.65%
smiling,,Others,17,0.65%
sky,空,Background,17,0.65%
smoke all covered bodyput down one's hair foggy glass,,Character,17,0.65%
silver accessories,,Others,17,0.65%
trembling with excitement,,Others,17,0.65%
cow ears,牛の耳,Others,17,0.65%
cow print long gloves,,Others,17,0.65%
cow collard,,Others,17,0.65%
cow print bikini,,Clothing,17,0.65%
umamusume,umamusume,Others,17,0.65%
dishwasher1910,Dishwasher1910,Others,17,0.65%
yamamoto souichirou,山本souichirou,Others,17,0.65%
rucchiifu,rucchiifu,Others,17,0.65%
colored lineart,,Others,17,0.65%
-3::sketch,,Others,17,0.65%
dark-skinned_female,黒肌の女の子,Character,17,0.65%
mosaic_censoring,モザイク修正済み,Others,17,0.65%
bow,リボン,Others,17,0.65%
pink_eyes,ピンク目,Character,17,0.65%
shaded face,日陰の顔,Character,16,0.61%
faceless dark skinned male,,Character,16,0.61%
French kiss,フレンチ・キス,Others,16,0.61%
top-down bottom-up,トップダウンボトムアップ,Others,16,0.61%
teeth,歯,Others,16,0.61%
puffy nipples,ふくらんでいる乳首,Others,16,0.61%
fat mons,太ったモン,Others,16,0.61%
evil smile,邪悪な笑顔,Character,16,0.61%
faceless male,顔のない男性,Character,16,0.61%
huge distended belly,,Others,16,0.61%
sharp clean lineart,,Others,16,0.61%
bare arms,腕,Pose,16,0.61%
top down bottom up,,Others,16,0.61%
squatting,しゃぜんだり,Pose,16,0.61%
artist:classic_zildjian33,絵師: classic_zildjian33風,Style,16,0.61%
artist:dk.senie,絵師: dk.senie風,Style,16,0.61%
xiaoluo_xl,,Others,16,0.61%
kkuem,kkuem,Others,16,0.61%
artist:sho_sho_lwlw,絵師: sho_sho_lwlw風,Style,16,0.61%
artist:rhasta,絵師: rhasta風,Style,16,0.61%
artist:wlop,絵師: wlop風,Style,16,0.61%
wet_skin,,Character,16,0.61%
Dark skinned boy,,Character,16,0.61%
black male,,Others,16,0.61%
bald male,,Others,16,0.61%
big penis,,Others,16,0.61%
muscular man,,Others,16,0.61%
The boy does not show his eyes,,Character,16,0.61%
the faceless man,,Character,16,0.61%
naked boy,,Character,16,0.61%
::indoors,,Background,16,0.61%
oral,オーラル,Others,16,0.61%
heavy steaming room,,Background,16,0.61%
only steaming,,Others,16,0.61%
thin rail skinny waits,,Character,16,0.61%
plumper hip,,Others,16,0.61%
tone up stomach,,Others,16,0.61%
transparent,透明,Others,16,0.61%
Inorganic substance,,Others,16,0.61%
akita_hika,秋田hika,Others,16,0.61%
bare feet,,Others,16,0.61%
bra lift,ブラジャーリフト,Clothing,16,0.61%
kuroe mayu,,Others,16,0.61%
agnes digital umamusume,,Others,16,0.61%
horse racetrack,,Others,16,0.61%
race track,,Others,16,0.61%
grassy field,,Others,16,0.61%
white fence,,Others,16,0.61%
stadium background,,Background,16,0.61%
-2::simple illustration,,Others,16,0.61%
sexy lingeries,,Others,16,0.61%
frilled bra,フリルブラジャー,Clothing,16,0.61%
frilled panties,フリルパンティー,Clothing,16,0.61%
weight shifted to one leg,,Others,16,0.61%
slight forward lean,,Background,16,0.61%
short black miniskirt naturally riding up and slightly flipped at the hem,,Clothing,16,0.61%
cute pink horizontally striped panties with soft fluffy fabric texture,,Clothing,16,0.61%
delicate volume,,Others,16,0.61%
gentle soft folds,,Others,16,0.61%
soft drape and natural fabric volume,,Others,16,0.61%
not tight,,Others,16,0.61%
detailed natural upskirt view,,Clothing,16,0.61%
panties naturally visible under short skirt,,Clothing,16,0.61%
soft fluffy panty fabric emphasis,,Others,16,0.61%
black jumping mat,,Others,16,0.61%
in motion,,Others,16,0.61%
pointy_ears,エルフ耳,Others,16,0.61%
animal_ear_fluff,獣耳の毛,Others,16,0.61%
medium_hair,ミディアムヘア,Character,16,0.61%
parted_lips,少し開いた口,Others,16,0.61%
bar_censor,バー検閲,Others,16,0.61%
ash ketchum,アッシュケッチャム,Others,15,0.57%
faceless male is erection,,Character,15,0.57%
erection under clothes,衣服の下の勃起,Clothing,15,0.57%
licking erection,,Others,15,0.57%
covering breasts,胸を覆う,Character,15,0.57%
unworn bikini,,Clothing,15,0.57%
artist:ie raarami,絵師: ie raarami風,Style,15,0.57%
undressing,服を脱ぐ,Clothing,15,0.57%
hat,帽子,Clothing,15,0.57%
、8K、detail up、high quality、best quality、The best degree of perfection,,Quality,15,0.57%
anime screencap、glamorous、erotic、1Wa0、4.5、Milkman style 、Sharp line art、azur lane animation illumination style、 anime coloring、vibrant colors、extremely beautiful face、perfect face,,Style,15,0.57%
、detailed eyes、shiny skin、glossy skin、detailed body、dynamic action shot illumination、dynamite erotic adulty body、come hither,,Character,15,0.57%
classroom,教室,Background,15,0.57%
center opening,センターオープニング,Others,15,0.57%
behind view angle,,Others,15,0.57%
dark_areolae,暗い乳輪,Others,15,0.57%
otoko no ko,otoko no ko,Others,15,0.57%
yokozuwari,横浜,Others,15,0.57%
beach ball,,Others,15,0.57%
ribbon,リボン,Clothing,15,0.57%
tall male,,Others,15,0.57%
black skirt,黒スカート,Clothing,15,0.57%
white bunny ears,,Others,15,0.57%
long white sleeves,,Others,15,0.57%
side-to-side,,Others,15,0.57%
gym storeroom,ジムストアルーム,Background,15,0.57%
year 2024~2026,,Others,15,0.57%
bow_tie,,Clothing,15,0.57%
looking_back,見返り,Others,15,0.57%
cat_ears,猫耳,Others,15,0.57%
speech_bubble,吹き出し,Others,15,0.57%
sports_bikini,スポーツビキニ,Clothing,15,0.57%
master piece,,Others,15,0.57%
bang dream! style:,,Style,15,0.57%
no text|Yabuki kentaro style:|sss.gridman style:|go-toubun no hanayome style:,,Style,15,0.57%
ground,地面,Others,15,0.57%
sora harewataru,,Others,15,0.57%
hirogaru sky! precure,,Background,15,0.57%
sidelighting,サイドライト,Background,15,0.57%
partially shaded body,,Others,15,0.57%
black tank top,黒いタンクトップ,Others,15,0.57%
arms at side,,Pose,15,0.57%
no pants,ズボンがない,Others,15,0.57%
simple bedroom,,Background,15,0.57%
no text agnes tachyon umamusume,,Others,15,0.57%
midair,中空,Others,15,0.57%
-5::wide shot,,Others,15,0.57%
Fold hands behind own back,,Pose,15,0.57%
bending forward,,Others,15,0.57%
black_panties,黒パン,Clothing,15,0.57%
alternate_costume,別のコスチューム,Others,15,0.57%
clothes_lift,たくしあげ,Clothing,15,0.57%
hololive,ホロライブ,Others,15,0.57%
marciana_marine_study_nikke,,Others,15,0.57%
marciana_nikke,,Others,15,0.57%
red_slingshot_swimsuit,,Clothing,15,0.57%
face focus,,Character,14,0.54%
tifa lockhart,Tifa Lockhart,Others,14,0.54%
serious,深刻な,Others,14,0.54%
afrobull,afrobull,Others,14,0.54%
undressing swimsuit,,Clothing,14,0.54%
unworn swimsuit,,Clothing,14,0.54%
thick arms,厚い腕,Pose,14,0.54%
head down,頭を下に,Others,14,0.54%
white t-shirt,,Clothing,14,0.54%
pov hands,POVハンド,Pose,14,0.54%
flat chest,させち・貢乳,Others,14,0.54%
paizuri,パイズリ,Others,14,0.54%
pussy juice,愛液,Others,14,0.54%
cum on penis,ペニスに精液,Others,14,0.54%
wedgie,ウェッジ,Others,14,0.54%
naughty face,いたずらな顔,Character,14,0.54%
low view angle,,Others,14,0.54%
dark nipples,暗い乳首,Others,14,0.54%
1 boy,,Character,14,0.54%
-2::multiple views,,Others,14,0.54%
Japanese school,,Others,14,0.54%
naked,,Others,14,0.54%
back-view,,Others,14,0.54%
butt focus,,Others,14,0.54%
black bowtie,黒いボウタイ,Clothing,14,0.54%
cute smile,,Character,14,0.54%
days,,Background,14,0.54%
"looking_at_viewer
arona_blue_archive",,Others,14,0.54%
naughty_smile,,Character,14,0.54%
white stockings,,Clothing,14,0.54%
wings,翼,Others,14,0.54%
fox ears,,Others,14,0.54%
left looking pose,,Pose,14,0.54%
xiujia_yihuizi,Xiujia Yihuizi,Others,14,0.54%
soft golden sunlight filtering through large white petals,,Background,14,0.54%
glowing pollen particles and sweet golden nectar droplets in air,,Others,14,0.54%
skin already turning soft green-pink with subtle flower patterns and glossy sheen,,Character,14,0.54%
small breasts beginning to develop,,Character,14,0.54%
feminine curves forming,,Others,14,0.54%
light green plant skin with flower motifs,,Background,14,0.54%
deep green plant pantyhose and deep green plant long gloves with flower petal decorations,,Clothing,14,0.54%
detailed plant texture,,Others,14,0.54%
glossy petals and nectar,,Others,14,0.54%
two-handed sword,両手の剣,Pose,14,0.54%
sunglasses,サングラス,Others,14,0.54%
fangirl scream,,Character,14,0.54%
single braid,単一の三つ編み,Clothing,14,0.54%
ShenheGenshin Impact,,Others,14,0.54%
single character,,Others,14,0.54%
raising middle finger,,Others,14,0.54%
contemptuous disdainful eyes,,Character,14,0.54%
staring at target as if looking at a dirty pig,,Others,14,0.54%
disgusted facial expression,,Others,14,0.54%
full of loathing,,Others,14,0.54%
legs stretched forward,,Pose,14,0.54%
low angle shot,,Others,14,0.54%
extreme close-up of bare soles,,Others,14,0.54%
shiny wet foot skin,,Character,14,0.54%
middle finger gesture,,Others,14,0.54%
narrowed scornful teal eyes,,Character,14,0.54%
condescending arrogant gaze,,Others,14,0.54%
teasing disdainful face,,Character,14,0.54%
detailed foot texture,,Others,14,0.54%
eyelashes,まつ毛,Others,14,0.54%
on black  round mesh trampoline with black legs,,Pose,14,0.54%
jumping,ジャンピング,Others,14,0.54%
artist_name,作者名付き,Others,14,0.54%
green_eyes,翠眼,Character,14,0.54%
long_sleeves,長袖,Others,14,0.54%
pussy_juice,愛液,Others,14,0.54%
horns,角,Others,14,0.54%
blue_sky,青空,Background,14,0.54%
yellow_eyes,金目,Character,14,0.54%
untranslatable_commentary,,Others,14,0.54%
nail_polish,マニキュア,Others,14,0.54%
black pantyhose,黒フンスト,Clothing,13,0.50%
clenched teeth,歯を食いしばっています,Others,13,0.50%
arm hug,腕の抱擁,Others,13,0.50%
side-by-side,並んで,Others,13,0.50%
angry,怒り,Others,13,0.50%
blue hair,青髪,Character,13,0.50%
:: girl,,Character,13,0.50%
french kiss,フレンチ・キス,Others,13,0.50%
red hair ribbon,,Clothing,13,0.50%
plump,ふっくら,Others,13,0.50%
bikini slip,,Clothing,13,0.50%
year 2023,2023年 (投稿・制作年指定),Others,13,0.50%
grabbing from behind,後ろからつかむ,Others,13,0.50%
cum in pussy,中出し,Others,13,0.50%
ass focus,おしり強調,Others,13,0.50%
in heat,熱中,Others,13,0.50%
hug,ハグ,Others,13,0.50%
ratatatat74,Ratatat74,Others,13,0.50%
bare shoulders,露出した肩,Others,13,0.50%
soles,裏,Others,13,0.50%
long sleeves,長袖,Others,13,0.50%
from view,,Others,13,0.50%
sunlight,日光,Background,13,0.50%
freckles,そばかす,Others,13,0.50%
-10::artist collaboration,,Others,13,0.50%
smirk,にやにや笑い,Others,13,0.50%
people,人々,Others,13,0.50%
nursing room,,Background,13,0.50%
white partition curtains,,Others,13,0.50%
:,,Others,13,0.50%
nighttime,,Background,13,0.50%
artist:xiangzi box,絵師: xiangzi box風,Style,13,0.50%
*人物* 1girl,,Character,13,0.50%
wide shoulders,,Others,13,0.50%
hyper detailed skin,,Character,13,0.50%
foreshortening,脱毛,Others,13,0.50%
finely detail,,Others,13,0.50%
stunning,,Others,13,0.50%
elaborately designed clothes,,Clothing,13,0.50%
looking afar,遠くを探しています,Others,13,0.50%
anchorage_dolphins_and_swim_lessons_azur_lane,,Others,13,0.50%
smooth,,Others,13,0.50%
final fantasy vii,ファイナルファンタジーVII,Others,13,0.50%
ass grab,お尻をつかむ,Others,13,0.50%
camel toe,,Others,13,0.50%
sharp eye,,Others,13,0.50%
fat male,,Others,13,0.50%
kousaka reina,クサカ・レイナ,Others,13,0.50%
starry eyes,,Character,13,0.50%
barn,納屋,Others,13,0.50%
haystacks,,Others,13,0.50%
wooden interior,,Others,13,0.50%
dirt,泥,Others,13,0.50%
hay stacks,,Others,13,0.50%
hay,干し草,Others,13,0.50%
-3::pillow,,Others,13,0.50%
-2::skies,,Others,13,0.50%
-,,Others,13,0.50%
from_behind,後ろ姿,Others,13,0.50%
mole,ほくろ,Others,13,0.50%
cat_girl,猫娘,Character,13,0.50%
hairband,ヘアバンド,Character,13,0.50%
animal_costume,動物の衣装,Others,13,0.50%
visor_cap,バイザーキャップ,Others,13,0.50%
colored_inner_hair,色付きの内なる髪,Character,13,0.50%
yangyang_wuthering waves,,Others,12,0.46%
grin,にやにや笑う,Others,12,0.46%
perspective view,,Others,12,0.46%
slim,,Others,12,0.46%
sweatdrop,汗雫,Others,12,0.46%
wavy hair,ウェーブのかかった髪,Character,12,0.46%
bed,ベッド,Background,12,0.46%
ejaculation,射精,Others,12,0.46%
alternate costume,別のコスチューム,Others,12,0.46%
animal ears,獣耳,Others,12,0.46%
horse tail,馬の尾,Others,12,0.46%
erotic,,Others,12,0.46%
horrified,恐ろしい,Others,12,0.46%
focus back,,Others,12,0.46%
side view angle,,Others,12,0.46%
bright pupils,明るい生徒,Others,12,0.46%
inverted_nipples,逆乳首,Others,12,0.46%
black pussy,,Others,12,0.46%
white socks,白い靴下,Clothing,12,0.46%
aether_genshin_impact,,Others,12,0.46%
hearts,,Others,12,0.46%
interracial,異人種間,Others,12,0.46%
navy skirt,,Clothing,12,0.46%
flair skirt,,Clothing,12,0.46%
windy,,Others,12,0.46%
park,公園,Others,12,0.46%
eyes out of frame,,Character,12,0.46%
wet skin,,Character,12,0.46%
casual,カジュアル,Others,12,0.46%
t-shirt,Tシャツ,Clothing,12,0.46%
artist:na tarapisu153,絵師: na tarapisu153風,Style,12,0.46%
artist:ask askzy,絵師: ask askzy風,Style,12,0.46%
artist:bee deadflow,絵師: bee deadflow風,Style,12,0.46%
artist:doremidoremi4704,絵師: doremidoremi4704風,Style,12,0.46%
artist:gogalking,絵師: gogalking風,Style,12,0.46%
artist:healthyman,絵師: healthyman風,Style,12,0.46%
artist:sos_adult,絵師: sos_adult風,Style,12,0.46%
glossy hair,,Character,12,0.46%
anatomical nonsense,解剖学的ナンセンス,Others,12,0.46%
-1::simple background,,Background,12,0.46%
-2::flat color,,Others,12,0.46%
heart effects,,Others,12,0.46%
mashiro meme,,Others,12,0.46%
sidelocks,横髪,Others,12,0.46%
-2::small floating hearts,,Others,12,0.46%
squirting from pussy,,Others,12,0.46%
dark purple lighting,,Background,12,0.46%
black curtains,,Others,12,0.46%
black walls,,Background,12,0.46%
reverse bunny suit,,Others,12,0.46%
on her back,,Others,12,0.46%
black shiny pantyhose,,Clothing,12,0.46%
bathroom,浴室・お風呂場,Background,12,0.46%
curvy body,,Others,12,0.46%
thickthighs,,Character,12,0.46%
vignetting,vignetting,Others,12,0.46%
Voyeur,,Others,12,0.46%
live studio,,Others,12,0.46%
bocchi the rock!,ボッキ・ザ・ロック！,Others,12,0.46%
*画风* 1.2::artist:nonokuro,,Others,12,0.46%
artist:liduke,絵師: liduke風,Style,12,0.46%
artist:nineo,絵師: nineo風,Style,12,0.46%
specter arknights cosplay,,Background,12,0.46%
*服装* 2::alternate costume,,Others,12,0.46%
*画质* masterpiece,,Others,12,0.46%
anime key visual,,Others,12,0.46%
exaggerated absurd detailed sexual features,,Others,12,0.46%
detailed clothes,,Clothing,12,0.46%
from direct below,,Others,12,0.46%
no text 2::giantess,,Others,12,0.46%
akimoto katherine reiko,秋本キャサリン・レイコ,Others,12,0.46%
wide  hips,,Others,12,0.46%
"::
long hair",,Character,12,0.46%
pink jacket,ピンクのジャケット,Others,12,0.46%
chest pockets,,Others,12,0.46%
pink skirt,ピンクのスカート,Clothing,12,0.46%
pencil skirt,鉛筆スカート,Clothing,12,0.46%
pink heels,,Others,12,0.46%
shame,恥,Others,12,0.46%
raised eyebrows,眉を上げた,Others,12,0.46%
blurry foreground,前景ぼかし,Others,12,0.46%
new game!,新しいゲーム！,Others,12,0.46%
changing clothes,着替え,Clothing,12,0.46%
panty,,Others,12,0.46%
voyeur,,Others,12,0.46%
Vignetting,vignetting,Others,12,0.46%
hidden camera,隠しカメラ,Others,12,0.46%
locker room,ロッカールーム,Background,12,0.46%
look at viewer,,Others,12,0.46%
hood down,フードダウン,Others,12,0.46%
wearing semi-transparent plant-like bodysuit and plant pantyhose formed by living vines and flower petals that naturally cover and accentuate the body,,Clothing,12,0.46%
visible erection bulge under the plant fabric,,Others,12,0.46%
long flowing green hair with flower accessories,,Character,12,0.46%
two small blooming flowers on flexible vines extending toward his face and chest,,Character,12,0.46%
gently spraying glowing sweet pollen onto him,,Others,12,0.46%
erotic pollen transformation and vine restraint,,Others,12,0.46%
on one knee,,Others,12,0.46%
Takeuchi Takashi style,,Style,12,0.46%
official Fate/Grand Order art,,Others,12,0.46%
exquisite 2D anime style,,Style,12,0.46%
Artoria Pendragon Alter Saber Alter riding black armored motorcycle Cuirassier Noir at high speed,,Others,12,0.46%
bright happy smile,,Character,12,0.46%
refreshing expression,,Others,12,0.46%
cool and dashing vibe,,Others,12,0.46%
confident and joyful,,Others,12,0.46%
Fujimaru Ritsuka male,,Others,12,0.46%
arms wrapped intimately around her waist,,Pose,12,0.46%
body pressed tightly against her back,,Others,12,0.46%
chin resting on her shoulder,,Others,12,0.46%
affectionate and happy expression,,Others,12,0.46%
black mini skirt,,Clothing,12,0.46%
belt with silver buckle,,Others,12,0.46%
excellent,,Others,12,0.46%
hiiragi_yuuichi,hiiragi yuichi,Others,12,0.46%
ashley_graves the_coffin_of_andy_and_leyley,,Others,12,0.46%
very sexy,,Others,12,0.46%
bara,BL ( 薔薇 ),Others,12,0.46%
seductive_smile,魅惑的な笑顔,Character,12,0.46%
english_text,英語,Others,12,0.46%
white_panties,白パンツ,Clothing,12,0.46%
pubic_hair,陰毛,Character,12,0.46%
video,ビデオ,Others,12,0.46%
penguin_costume,ペンギンの衣装,Others,12,0.46%
asui tsuyu,asui tsuyu,Others,11,0.42%
yaoyorozu momo,ヤヨロズモモ,Others,11,0.42%
green hair,素黒髪,Character,11,0.42%
action,アクション,Others,11,0.42%
revealing clothes,エロ衣装,Clothing,11,0.42%
water,水,Others,11,0.42%
city,市,Others,11,0.42%
pulling straps,,Others,11,0.42%
holding straps,,Pose,11,0.42%
breasts squeezed together,,Character,11,0.42%
lying on bed,,Pose,11,0.42%
100 layers,,Others,11,0.42%
home,,Others,11,0.42%
checkered skirt,チェッカースカート,Clothing,11,0.42%
one eye closed,ウィンク,Others,11,0.42%
cold futuristic blue-purple neon lighting,,Background,11,0.42%
glowing circuits,,Others,11,0.42%
dramatic volumetric light,,Background,11,0.42%
advanced futuristic transformation laboratory,,Others,11,0.42%
transparent pod,,Others,11,0.42%
holographic displays,,Others,11,0.42%
mechanical arms and cables,,Pose,11,0.42%
sleek metallic walls,,Background,11,0.42%
androgynous young male,,Others,11,0.42%
highly sexualized femboy robot half-transformation,,Character,11,0.42%
delicate feminine face with heavy blush,,Character,11,0.42%
short messy hair with glowing synthetic extensions,,Character,11,0.42%
mechanical seams on neck/shoulders/thighs,,Character,11,0.42%
glowing purple circuit tattoos under skin,,Character,11,0.42%
exaggerated feminine robot curves plump breasts,,Character,11,0.42%
wearing highly erotic semi-transparent high-tech restraint bodysuit: glossy translucent black-purple material with glowing blue circuit lines,,Others,11,0.42%
deep cleavage cutout exposing black lace bra underneath,,Clothing,11,0.42%
crotch area extremely tight and revealing with obvious thick erection bulge and precum stain,,Others,11,0.42%
exposed mechanical hip joints,,Pose,11,0.42%
glowing mechanical stockings semi-transparent with flowing neon patterns and visible mechanical joints at knees,,Clothing,11,0.42%
high sheen tightly wrapping thick thighs,,Character,11,0.42%
two highly mechanical female robots strong tech/mechanical appearance: exposed silver metallic arms with visible joints and pistons,,Pose,11,0.42%
glowing red-purple eyes,,Character,11,0.42%
partial transparent torso showing internal circuits and wires,,Others,11,0.42%
sleek armored plates on shoulders/legs and one more humanoid beautiful female robot,,Pose,11,0.42%
all in tight futuristic tech-nurse suits with mechanical accents,,Others,11,0.42%
they are forcibly yet extremely gently transforming him: the two mechanical robots firmly restraining his arms and legs with strong but tender metallic grips and soft energy fields,,Pose,11,0.42%
one installing glowing breast expansion module while softly kissing his neck,,Character,11,0.42%
the other adjusting and caressing his glowing stockings and inner thighs with precise mechanical fingers,,Clothing,11,0.42%
the third humanoid robot gently holding his face and kissing his lips lovingly,,Pose,11,0.42%
all with affectionate warm smiles,,Character,11,0.42%
male has slight teary eyes mixed with deep entranced blissful lewd smile,,Background,11,0.42%
body arching in pleasure despite forced restraint,,Others,11,0.42%
extreme contrast between strong robotic forced feminization and overwhelming gentle loving affection,,Others,11,0.42%
sinking into tender paradise,,Others,11,0.42%
highly erotic,,Others,11,0.42%
detailed thick genital bulge and precum,,Others,11,0.42%
glossy reflections on bodysuit and stockings,,Clothing,11,0.42%
seductive mechanical details,,Others,11,0.42%
eye contact,アイコンタクト,Others,11,0.42%
dominant girl,,Character,11,0.42%
oily breats,,Others,11,0.42%
white kimono,白い着物,Others,11,0.42%
year 2026,,Others,11,0.42%
drooling,よだれ,Others,11,0.42%
high detailed,,Others,11,0.42%
tachi-e,Tachi-e,Others,11,0.42%
no text flat chest,,Others,11,0.42%
puffy chest,ふくらんでいる胸,Others,11,0.42%
1 loli,,Others,11,0.42%
11 years old,,Others,11,0.42%
Girls' Clothing,,Clothing,11,0.42%
clueless,無知,Others,11,0.42%
blue,,Others,11,0.42%
v arms,Vアーム,Pose,11,0.42%
no sarong,,Others,11,0.42%
-1.5::simple background :: \u00a0-3::simple illustration,,Background,11,0.42%
body trembling,,Others,11,0.42%
centered composition,,Others,11,0.42%
symmetrical background,,Background,11,0.42%
character in center,,Others,11,0.42%
cunnilingus,Cunnilingus,Others,11,0.42%
white collard shirt,,Clothing,11,0.42%
black strap-on,,Others,11,0.42%
large strap-on,,Others,11,0.42%
-4::skirt,,Clothing,11,0.42%
white leggings,白いレギンス,Others,11,0.42%
artist:dishwasher1910,絵師: dishwasher1910風,Style,11,0.42%
clear picture,,Others,11,0.42%
super fine illustration,,Others,11,0.42%
artist:bonnie,絵師: bonnie風,Style,11,0.42%
artist:marushin_denwa0214,絵師: marushin_denwa0214風,Style,11,0.42%
artist:yuki_asayuki101,絵師: yuki_asayuki101風,Style,11,0.42%
artist:lunch_shin new,絵師: lunch_shin new風,Style,11,0.42%
artist:ame_uten cacel,絵師: ame_uten cacel風,Style,11,0.42%
pink light,,Background,11,0.42%
naruse mio,Naruse Mio,Others,11,0.42%
hair tucking,髪を刻む,Character,11,0.42%
orange bikini,オレンジビキニ,Clothing,11,0.42%
yellow bikini,黄色のビキニ,Clothing,11,0.42%
horse_girl,馬の女の子,Character,11,0.42%
mature beautiful face,,Character,11,0.42%
*画面* 2::cowboy shot,,Character,11,0.42%
Sandronegenshin impact,,Others,11,0.42%
yuri,百合,Others,11,0.42%
moist,,Others,11,0.42%
cosplay,コスプレ,Others,11,0.42%
pixelated penis,,Others,11,0.42%
hair down,髪の毛,Character,11,0.42%
pink hair,桃色髪,Character,11,0.42%
in water,水中で,Others,11,0.42%
cow print thigh-highs,,Others,11,0.42%
3girls,三人の女の子,Character,11,0.42%
thigh_strap,太ももストラップ,Others,11,0.42%
spread_legs,開脚,Pose,11,0.42%
clothing_aside,服はさておき,Clothing,11,0.42%
on_bed,ベッドで,Background,11,0.42%
streaked_hair,メッシュ,Character,11,0.42%
two-tone_hair,二色髪,Character,11,0.42%
green_hair,緑髪,Character,11,0.42%
white_shirt,白シャツ,Clothing,11,0.42%
cat_tail,ねこしっぽ,Others,11,0.42%
^^^,^^^,Others,10,0.38%
wide-eyed,目が広い,Others,10,0.38%
cutesexyrobutts,Cutesexyrobutts,Others,10,0.38%
kafun,カフン,Others,10,0.38%
gerph,ガーフ,Others,10,0.38%
official anime style,,Style,10,0.38%
spreading leggs,,Others,10,0.38%
hands up,両手を上げる,Pose,10,0.38%
turn pale,血色が悪い,Others,10,0.38%
cropped arms,トリミングされた腕,Pose,10,0.38%
reaching towards viewer,,Others,10,0.38%
another person leaning over on top,,Pose,10,0.38%
propped up by both hands,,Pose,10,0.38%
upper body lifted,,Others,10,0.38%
not fully flat on partner,,Others,10,0.38%
face to face,,Character,10,0.38%
close faces,,Character,10,0.38%
intimate ambiguous atmosphere,,Others,10,0.38%
jeans,ジーンズ,Others,10,0.38%
bell,ベル,Others,10,0.38%
official wallpaper,公式の壁紙,Background,10,0.38%
dark pussy,,Others,10,0.38%
straddling,騎乗位,Others,10,0.38%
pillow,枕,Others,10,0.38%
gym,ジム,Others,10,0.38%
sex from behind,後ろからのセックス,Others,10,0.38%
jeanne d'arc girl from orleans fate,,Character,10,0.38%
standing doggystyle position against the bed,,Style,10,0.38%
skirt tug,スカートタグ,Clothing,10,0.38%
claire harvey,クレア・ハーベイ,Others,10,0.38%
lying on wood bent chair,,Pose,10,0.38%
claire harveycosplay,,Others,10,0.38%
high halterneck,,Others,10,0.38%
front view,,Others,10,0.38%
motion blur,モーションブラー,Others,10,0.38%
toned,トーン,Others,10,0.38%
fullbody,,Others,10,0.38%
fiore forvedge yggdmillennia,Fiore forvedge yggdmillennia,Others,10,0.38%
professional illustration,,Others,10,0.38%
commercial illustration,,Others,10,0.38%
artist:qiandaiyiyu,絵師: qiandaiyiyu風,Style,10,0.38%
artist:nyte tyde,絵師: nyte tyde風,Style,10,0.38%
artist:ponchi,絵師: ponchi風,Style,10,0.38%
artist:yoya yogurt,絵師: yoya yogurt風,Style,10,0.38%
artist:kim eb,絵師: kim eb風,Style,10,0.38%
artist:taesi,絵師: taesi風,Style,10,0.38%
proportional body,,Others,10,0.38%
balanced proportions,,Others,10,0.38%
well-balanced body,,Others,10,0.38%
natural skin texture,,Character,10,0.38%
stylish composition,,Others,10,0.38%
crisp edges,,Others,10,0.38%
defined edges,,Others,10,0.38%
sharp details,,Others,10,0.38%
clear forms,,Others,10,0.38%
defined forms,,Others,10,0.38%
depth,,Others,10,0.38%
cohesive style,,Style,10,0.38%
unified visual style,,Style,10,0.38%
hands in own hair,,Pose,10,0.38%
love,,Others,10,0.38%
"medium_breasts
arms_up",,Pose,10,0.38%
"blush
1.3::bunny_leotard",,Character,10,0.38%
wide_fishnet_tights,,Others,10,0.38%
fake_bunny_ears,,Others,10,0.38%
"wrist_cuffs
cameltoe",,Others,10,0.38%
rei_no_himo,rei no himo,Others,10,0.38%
"skindentation
heart-shaped_pupils",,Character,10,0.38%
horse_tail,馬の尾,Others,10,0.38%
pink panties,ピンクのパンティー,Clothing,10,0.38%
nakano itsuki,中野ithuki,Others,10,0.38%
white bra,白いブラジャー,Clothing,10,0.38%
areola,,Others,10,0.38%
golden eyes,,Character,10,0.38%
nakano miku,中野miku,Others,10,0.38%
rikudou reika,rikudou reika,Others,10,0.38%
braid,三つ編み,Clothing,10,0.38%
-2::white blouse,,Others,10,0.38%
nakano nino,ナカノニーノ,Others,10,0.38%
=nakano nino go-toubun no hanayome,,Others,10,0.38%
R-18,,Others,10,0.38%
dreamy ethereal atmosphere,,Others,10,0.38%
seductive dreamy monster girl atmosphere,,Character,10,0.38%
shoes focus,,Clothing,10,0.38%
stella bremer,ステラ・ブレマー,Others,10,0.38%
kissing,,Others,10,0.38%
military tag,,Others,10,0.38%
simple white background,,Background,10,0.38%
silhouette,シルエット,Others,10,0.38%
trap,,Others,10,0.38%
takarada rikka,タカラダ・リッカ,Others,10,0.38%
ssss.gridman,ssss.gridman,Others,10,0.38%
no text jungle pocket umamusume,,Others,10,0.38%
mejiro ardan flowers of prayer dance in the night breeze umamusume,,Background,10,0.38%
tanabata,タナバタ,Others,10,0.38%
milky way,天の川,Others,10,0.38%
uraraka ochako,ウララカオチャコ,Others,10,0.38%
jirou kyouka,jirou kyouka,Others,10,0.38%
pink skin,ピンクの肌,Character,10,0.38%
black sclera,黒硬化,Others,10,0.38%
ashido mina,アシド・ミナ,Others,10,0.38%
red bikini,赤いビキニ,Clothing,10,0.38%
sand,砂,Others,10,0.38%
hagakure tooru,hagakure tooru,Others,10,0.38%
emilia hermit,エミリア・ハーミット,Others,10,0.38%
intense flirt,,Others,10,0.38%
15 years old,,Others,10,0.38%
white serafuku,白いserafuku,Others,10,0.38%
blue sailor collar,ブルーセーラーカラー,Others,10,0.38%
green bowtie,グリーンボウタイ,Clothing,10,0.38%
shot sleeves,,Others,10,0.38%
summer clothes,,Clothing,10,0.38%
paid_reward_available,有料の報酬が利用可能です,Others,10,0.38%
red_hair,赤髪,Character,10,0.38%
piercing,ピアス,Others,10,0.38%
eyewear_on_head,頭のアイウェア,Others,10,0.38%
from_side,横から,Others,10,0.38%
black_choker,ブラックチョーカー,Others,10,0.38%
